name_in_elected_people,name_in_all_elections
P.J.M.  Aalberse,mr. P.J.M. Aalberse
D. van Akerlaken,jhr.mr. D. van Akerlaken
B.  Albarda,mr. B. Albarda
J.H.  Albarda,mr. J.H. Albarda
J.W.  Albarda,J.W. Albarda
J. van Alphen,J. van Alphen
H.A. des Amorie van der Hoeven,mr. H.A. des Amorie van der Hoeven
J.  Andreae,J. Andreae
S.H.  Anemaet,mr. S.H. Anemaet
J.  Ankerman,mr. J. Ankerman
J.H.  Arnoldts,J.H. Arnoldts
J.  Arnoldts,J. Arnoldts
A.H.A.  Arts,A.H.A. Arts
H.A.M. van Asch van Wijck,jhr.mr. H.A.M. van Asch van Wijck
M.M. van Asch van Wijck,jhr.mr. M.M. van Asch van Wijck
T.A.J. van Asch van Wijck,jhr.mr. T.A.J. van Asch van Wijck
L.H.J.M. van Asch van Wijck,jhr.mr. L.H.J.M. van Asch van Wijck
H.M.J. van Asch van Wijck,jhr.mr. H.M.J. van Asch van Wijck
H.W. van Asch van Wijck,jhr.mr. H.W. van Asch van Wijck
E.J.  Attema,E.J. Attema
F.W.J. baron van Aylva van Pallandt,F.W.J. baron van Aylva van Pallandt
A.J.H. van Baar,mr. A.J.H. van Baar
P.J.  Bachiene,mr. P.J. Bachiene
C.  Backer,jhr.mr. C. Backer
B.M.  Bahlmann,mr. B.M. Bahlmann
C.A.H.  Barge,mr. C.A.H. Barge
W.H.J.T. van Basten van Batenburg,mr. W.H.J.T. van Basten van Batenburg
J.N.  Bastert,J.N. Bastert
J.C.  Baud,J.C. Baud
W.H. de Beaufort,mr. W.H. de Beaufort
J.H.J.  Beckers,J.H.J. Beckers
G.J.T.  Beelaerts van Blokland,jhr.mr. G.J.T. Beelaerts van Blokland
C.C.A.  Beens,mr. C.C.A. Beens
W.C.M.  Begram,W.C.M. Begram
S.W.H.A. van Beijma thoe Kingma,jhr.mr. S.W.H.A. van Beijma thoe Kingma
J.L.C. van den Berch van Heemstede,jhr.mr. J.L.C. van den Berch van Heemstede
I.B.D. van den Berch van Heemstede,jhr. I.B.D. van den Berch van Heemstede
A.H.M. van Berckel,mr. A.H.M. van Berckel
E.A. van Beresteijn,jhr.mr.dr. E.A. van Beresteijn
J.W.  Bergansius,J.W. Bergansius
Z. van den Bergh,mr. Z. van den Bergh
S. van den Bergh jr.,S. van den Bergh jr.
W.A.  Bergsma,mr. W.A. Bergsma
J. van Best,mr.dr. J. van Best
G.H.  Betz,G.H. Betz
E.J.  Beumer,dr. E.J. Beumer
H.A. van Beuningen,H.A. van Beuningen
J.G.S.  Bevers,mr. J.G.S. Bevers
M.  Bichon van Ysselmonde,mr. M. Bichon van Ysselmonde
C.J.A.  Bichon van Ysselmonde,mr. C.J.A. Bichon van Ysselmonde
Ch. baron van Bieberstein,Ch. baron van Bieberstein
C.A. baron van Bieberstein Rogalla Zawadsky,C.A. baron van Bieberstein Rogalla Zawadsky
C.C.M.H. baron van Bieberstein Rogalla Zawadsky,mr. C.C.M.H. baron van Bieberstein Rogalla Zawadsky
J.J.W. van den Biesen,mr. J.J.W. van den Biesen
H.  Bijleveld,H. Bijleveld
S.  Blaupot ten Cate,S. Blaupot ten Cate
F.W.C.  Blom,F.W.C. Blom
Ph. van Blom,mr. Ph. van Blom
C.F.J.  Blooker,dr. C.F.J. Blooker
J.H.  Blum,J.H. Blum
P.L.F.  Blussé,mr. P.L.F. BlussÃ©
P.  Blussé van Oud-Alblas,mr. P. BlussÃ© van Oud-Alblas
K. de Boer,K. de Boer
C.W.J. baron van Boetzelaar van Dubbeldam,mr. C.W.J. baron van Boetzelaar van Dubbeldam
W.H.  Bogaardt,W.H. Bogaardt
W.  Boissevain,W. Boissevain
J.B.  Bomans,mr. J.B. Bomans
M.C.E.  Bongaerts,M.C.E. Bongaerts
W.H.  Boogaardt,W.H. Boogaardt
M.  Boogaerdt,M. Boogaerdt
H.J.  Bool,H.J. Bool
A.P.R.C. baron van Borch van Verwolde,mr. A.P.R.C. baron van Borch van Verwolde
W.  Boreel van Hogelanden,jhr.mr. W. Boreel van Hogelanden
J.W.G.  Boreel van Hogelanden,jhr.mr. J.W.G. Boreel van Hogelanden
E.J.H.  Borret,mr. E.J.H. Borret
F.H.H.  Borret,F.H.H. Borret
T.L.M.H.  Borret,mr. T.L.M.H. Borret
A.W. van Borssele,jhr. A.W. van Borssele
D.  Bos,dr. D. Bos
J. de Bosch Kemper,jhr.mr. J. de Bosch Kemper
O.T.  Bosgra,O.T. Bosgra
J.  Bosscha,dr. J. Bosscha
P.P. van Bosse,mr. P.P. van Bosse
J.B.  Bots,mr. J.B. Bots
A.  Bouman,A. Bouman
A.  Boxman,mr. A. Boxman
M.A.  Brants,dr. M.A. Brants
C.M.  Brantsen,jhr. C.M. Brantsen
W.G. baron van Brantsen van de Zijp,mr. W.G. baron van Brantsen van de Zijp
W.M. de Brauw,jhr.mr. W.M. de Brauw
J.P.  Bredius,J.P. Bredius
B.  Brouwer,mr. B. Brouwer
H.J.  Brouwers,mr. H.J. Brouwers
J.J.L. van der Brugghen,mr. J.J.L. van der Brugghen
I.T. ter Brugghen Hugenholtz,I.T. ter Brugghen Hugenholtz
J.G. de Bruijn,mr. J.G. de Bruijn
A.  Brummelkamp jr.,A. Brummelkamp jr.
J.L. de Bruyn Kops,mr. J.L. de Bruyn Kops
A.  Buma,A. Buma
J.P.I.  Buteux,J.P.I. Buteux
W.K.F.P. graaf van Bylandt,mr. W.K.F.P. graaf van Bylandt
C.J.E. graaf van Bylandt,mr. C.J.E. graaf van Bylandt
F. de Casembroot,jhr. F. de Casembroot
S. van Citters,jhr. S. van Citters
J.M.L.H.  Clercx,mr. J.M.L.H. Clercx
H.  Colijn,H. Colijn
A.  Colijn jr.,A. Colijn jr.
J.F.W.  Conrad,J.F.W. Conrad
S.  Cool,S. Cool
K.L.J.  Cornelis,mr. K.L.J. Cornelis
J.R.  Corver Hooft,mr. J.R. Corver Hooft
P.J.  Costerus,dr. P.J. Costerus
J.T.  Cremer,J.T. Cremer
E.J.J.B.  Cremers,mr. E.J.J.B. Cremers
W.C.J.J.  Cremers,mr. W.C.J.J. Cremers
J.  Dam,mr. J. Dam
M.  Dassen,dr. M. Dassen
A. baron van Dedem,A. baron van Dedem
W.K. baron van Dedem,mr. W.K. baron van Dedem
G.W. baron van Dedem,mr. G.W. baron van Dedem
J.J. van Deinse,mr. J.J. van Deinse
J.G. van Deinse,mr. J.G. van Deinse
A. van Delden,mr. A. van Delden
I.P.  Delprat,dr. I.P. Delprat
C.T. van Deventer,mr. C.T. van Deventer
J.H.A.  Diepen,J.H.A. Diepen
G.  Diepen,G. Diepen
B.P.G. van Diggelen,B.P.G. van Diggelen
P.J.G. van Diggelen,mr. P.J.G. van Diggelen
H.J.  Dijckmeester,mr. H.J. Dijckmeester
J.  Dirks,mr. J. Dirks
F.T.J.H.  Dobbelman,F.T.J.H. Dobbelman
J.M.B.J. van der Does de Willebois,jhr.mr. J.M.B.J. van der Does de Willebois
W.  Dolk,mr. W. Dolk
F.  Domela Nieuwenhuis,F. Domela Nieuwenhuis
D.  Donker Curtius,mr. D. Donker Curtius
J.  Donker Hzn.,J. Donker Hzn.
J.H.  Donner,J.H. Donner
E.C.U. van Doorn,E.C.U. van Doorn
W.T.C. van Doorn,jhr.mr. W.T.C. van Doorn
H.C.  Dresselhuys,mr. H.C. Dresselhuys
F.J.W.  Drion,F.J.W. Drion
H.L.  Drucker,mr. H.L. Drucker
T.J.A.  Duijnstee,mr. T.J.A. Duijnstee
J.E.W.  Duijs,J.E.W. Duijs
W.H.  Dullert,mr. R.W. Tadema
G.  Dumbar,mr. G. Dumbar
A.J.  Duymaer van Twist,mr. A.J. Duymaer van Twist
L.F.  Duymaer van Twist,L.F. Duymaer van Twist
J.  Duyvis,J. Duyvis
D. van Eck,mr. D. van Eck
B.D.  Eerdmans,dr. B.D. Eerdmans
K.  Eland,K. Eland
G.  Elhorst,G. Elhorst
P.J.  Elout van Soeterwoude,jhr.mr. P.J. Elout van Soeterwoude
D.  Engelberts,mr. D. Engelberts
A.W.  Engelen,mr. A.W. Engelen
W.E.  Engelen,jhr.mr. W.E. Engelen
A.H.J.  Engels,A.H.J. Engels
W.  Everts,dr. W. Everts
G.  Fabius,G. Fabius
J.C.  Fabius,J.C. Fabius
A.J.W.  Farncombe Sanders,mr. A.J.W. Farncombe Sanders
W.A. van der Feltz,jhr. W.A. van der Feltz
P.B.J.  Ferf,P.B.J. Ferf
A.N.  Fleskens,A.N. Fleskens
C.  Fock,mr. C. Fock
D.  Fock,mr. D. Fock
G.A.  Fokker,mr. G.A. Fokker
E.  Fokker,mr. E. Fokker
C. van Foreest,jhr.mr. C. van Foreest
P. van Foreest,jhr.mr. P. van Foreest
S.R. van Franck,S.R. van Franck
I.D.  Fransen van de Putte,I.D. Fransen van de Putte
J.A. de Fremery,J.A. de Fremery
W.A.  Froger,W.A. Froger
P.F.  Fruijtier,P.F. Fruijtier
D.J. de Geer,jhr.mr. D.J. de Geer
B.J.L. baron van Geer van Jutphaas,mr. B.J.L. baron van Geer van Jutphaas
J.H.  Geertsema,mr. J.H. Geertsema
W.J.  Geertsema,W.J. Geertsema
J.W.  Gefken,mr. J.W. Gefken
J. van Gennep,mr. J. van Gennep
A.H.  Gerhard,A.H. Gerhard
B.J.  Gerretson,B.J. Gerretson
C.V.  Gerritsen,C.V. Gerritsen
W.T.  Gevers Deynoot,jhr.mr. W.T. Gevers Deynoot
D.T.  Gevers van Endegeest,jhr.mr. D.T. Gevers van Endegeest
S.M.H. van Gijn,S.M.H. van Gijn
A.  Gildemeester,A. Gildemeester
J.G.  Gleichman,mr. J.G. Gleichman
N.  Glinderman,N. Glinderman
M.H.  Godefroi,mr. M.H. Godefroi
K.A.  Godin de Beaufort,jhr.mr. K.A. Godin de Beaufort
G.J.  Goekoop,mr. G.J. Goekoop
H.  Goeman Borgesius,mr. H. Goeman Borgesius
H.M.A. baron van Goes van Dirxland,mr. H.M.A. baron van Goes van Dirxland
J.K. baron van Goltstein,mr. J.K. baron van Goltstein
W. baron van Goltstein,mr. W. baron van Goltstein
P.  Gouverneur,mr. P. Gouverneur
L.G.  Greeve,mr. L.G. Greeve
G.  Groen van Prinsterer,mr. G. Groen van Prinsterer
H.F.  Groen van Waarder,H.F. Groen van Waarder
H.A.G. van Groenendael,mr.dr. H.A.G. van Groenendael
N.R.H.  Guljé,N.R.H. GuljÃ©
H.D.  Guyot,H.D. Guyot
J.H.L.  Haffmans,mr. J.H.L. Haffmans
F.A. van Hall,mr. F.A. van Hall
G.A. van Hamel,mr. G.A. van Hamel
J.A. van Hamel,mr. J.A. van Hamel
E.L. baron van Hardenbroek van Lockhorst,mr. E.L. baron van Hardenbroek van Lockhorst
B.P. baron van Harinxma thoe Slooten,mr. B.P. baron van Harinxma thoe Slooten
J.J.I.  Harte van Tecklenburg,mr. J.J.I. Harte van Tecklenburg
A.F.K.  Hartogh,mr. A.F.K. Hartogh
J.J.  Hasselman,J.J. Hasselman
W.J.C. van Hasselt,mr. W.J.C. van Hasselt
J.P.  Havelaar,J.P. Havelaar
W. baron van Heeckeren van Kell,mr. W. baron van Heeckeren van Kell
Th.  Heemskerk,mr. Th. Heemskerk
J.F.  Heemskerk,J.F. Heemskerk
J.  Heemskerk Azn.,mr. J. Heemskerk Azn.
J.  Heemskerk Bzn.,mr. J. Heemskerk Bzn.
F.J.J. baron van Heemstra,mr. F.J.J. baron van Heemstra
S. baron van Heemstra 2,mr. S. baron van Heemstra 2
J.E.  Heeres,mr. J.E. Heeres
L. graaf van Heiden Reinestein,mr. L. graaf van Heiden Reinestein
B.H.  Heldt,B.H. Heldt
N. van Heloma,mr. N. van Heloma
W.P.G.  Helsdingen,W.P.G. Helsdingen
J.B.J.  Hengst,mr. J.B.J. Hengst
P.C.J.  Hennequin,mr. P.C.J. Hennequin
H.G.M.  Hermans,H.G.M. Hermans
C.H. den Hertog,C.H. den Hertog
H.F.  Hesselink van Suchtelen,mr. H.F. Hesselink van Suchtelen
C. van Heukelom,mr. C. van Heukelom
P. van den Heuvel,mr. P. van den Heuvel
V.A.M. van den Heuvel,V.A.M. van den Heuvel
J.F. van der Heyde,J.F. van der Heyde
C.J.A.  Heydenrijck,mr. C.J.A. Heydenrijck
S.  Hingst,S. Hingst
G.H.  Hintzen,G.H. Hintzen
C.  Hoekwater,C. Hoekwater
M.A.F.H.  Hoffman,M.A.F.H. Hoffman
P.J.J.  Hollingérus Pijpers,mr. P.J.J. HollingÃ©rus Pijpers
P.H.  Holtzman,P.H. Holtzman
J.T.  Homan,mr. J.T. Homan
P.C. 't Hooft,mr. P.C. 't Hooft
G.B. 't Hooft,G.B. 't Hooft
J.S.F. van Hoogstraten,J.S.F. van Hoogstraten
S. van Houten,mr. S. van Houten
W.M.  Houwing,W.M. Houwing
A.  Hoynck van Papendrecht,mr. A. Hoynck van Papendrecht
U.H.  Huber,mr. U.H. Huber
H.F.R.  Hubrecht,dr. H.F.R. Hubrecht
G.L.J. van der Hucht,G.L.J. van der Hucht
F.W.N.  Hugenholtz,F.W.N. Hugenholtz
H.U.  Huguenin,mr. H.U. Huguenin
I.F. van Humalda van Eysinga,jhr.mr. I.F. van Humalda van Eysinga
J.E.  Huydecoper van Maarseveen en Nichtevecht,jhr.mr. J.E. Huydecoper van Maarseveen en Nichtevecht
A.W.F.  Idenburg,A.W.F. Idenburg
J.W.H.M. van Idsinga,mr. J.W.H.M. van Idsinga
W.H.  Idzerda,dr. W.H. Idzerda
G.A.  IJssel de Schepper,mr. G.A. IJssel de Schepper
J.W.  Ijzerman,J.W. Ijzerman
H.A.  Insinger,H.A. Insinger
E.H. s' Jacob,mr.dr. E.H. s' Jacob
H.  Jacobson,mr. H. Jacobson
G.  Jannink,mr. G. Jannink
J.F.  Jansen,J.F. Jansen
J.C.  Jansen,J.C. Jansen
F.I.J.  Janssen,mr. F.I.J. Janssen
F.J.  Jespers,mr. F.J. Jespers
J.A.  Jolles,mr.dr. J.A. Jolles
W.J.A.  Jonckbloet,dr. W.J.A. Jonckbloet
K.H. de Jong,K.H. de Jong
A. de Jong,mr. A. de Jong
W.J.E.H.M. de Jong,W.J.E.H.M. de Jong
J.L. de Jonge,jhr. J.L. de Jonge
G.J. de Jongh,G.J. de Jongh
A.F.  Jongstra,mr. A.F. Jongstra
W.J.F.  Juten,W.J.F. Juten
W. van der Kaay,mr. W. van der Kaay
J.  Kalff,mr. J. Kalff
H.P. de Kanter,mr. H.P. de Kanter
P.J. de Kanter,P.J. de Kanter
J.  Kappeyne van de Coppello,mr. J. Kappeyne van de Coppello
A.P.C. van Karnebeek,jhr.mr. A.P.C. van Karnebeek
L.J.S. van Kempen,L.J.S. van Kempen
A.E. van Kempen,A.E. van Kempen
J.M. de Kempenaer,mr. J.M. de Kempenaer
A.  Kerdijk,mr. A. Kerdijk
G.E.F.X.M.  Kerens de Wylre,jhr. G.E.F.X.M. Kerens de Wylre
J.J. van Kerkwijk,J.J. van Kerkwijk
H.C.F.  Kerstens,H.C.F. Kerstens
T.M.  Ketelaar,T.M. Ketelaar
L.W.C.  Keuchenius,mr. L.W.C. Keuchenius
F.H.K.E. baron van Keverberg de Kessel,mr. F.H.K.E. baron van Keverberg de Kessel
E.B.  Kielstra,dr. E.B. Kielstra
N.P.J.  Kien,mr. N.P.J. Kien
M.  Kingma Hzn.,M. Kingma Hzn.
H.J.  Kist,mr. H.J. Kist
A.B.  Kleerekoper,A.B. Kleerekoper
D. de Klerk,D. de Klerk
A.  Knijff,A. Knijff
F.M.  Knobel,F.M. Knobel
W.J.  Knoop,W.J. Knoop
H.H. van Kol,H.H. van Kol
M.J.C.M.  Kolkman,mr. M.J.C.M. Kolkman
A.  Kool,A. Kool
A.  Kool 2,A. Kool 2
D.A.P.N.  Koolen,mr. D.A.P.N. Koolen
D.  Koorders,mr. D. Koorders
J.  Krap,J. Krap
E.A.M. van der Kun,E.A.M. van der Kun
J. van Kuyk,mr. J. van Kuyk
A.  Kuyper,dr. A. Kuyper
K. ter Laan,K. ter Laan
J. ter Laan,J. ter Laan
J.H. de Laat de Kanter,mr. J.H. de Laat de Kanter
A. van Laer,mr. A. van Laer
J.J.  Lambrechts,J.J. Lambrechts
H.F.  Lambrechts,mr. H.F. Lambrechts
S.T.  Land,S.T. Land
M.J. de Lange,mr. M.J. de Lange
A.P. de Lange,A.P. de Lange
J.H.  Lasonder,J.H. Lasonder
J.L.M.  Leclercq,mr. J.L.M. Leclercq
J.A.A.  Leemans,mr. J.A.A. Leemans
J. van Leeuwen,dr. J. van Leeuwen
C.  Lely,dr. C. Lely
J. van Lennep,mr. J. van Lennep
F.K. van Lennep,jhr.mr. F.K. van Lennep
L.E.  Lenting,mr. L.E. Lenting
I.A.  Levy,mr. I.A. Levy
H.D.  Levyssohn Norman,mr. H.D. Levyssohn Norman
W.F.C. van Lidt de Jeude,mr. W.F.C. van Lidt de Jeude
F.  Lieftinck,F. Lieftinck
J.  Limburg,mr. J. Limburg
P.A.S. van Limburg Brouwer,mr. P.A.S. van Limburg Brouwer
O.J.H. graaf van Limburg Stirum,mr. O.J.H. graaf van Limburg Stirum
C. de Limpens,mr. C. de Limpens
G.M. van der Linden,mr. G.M. van der Linden
J.A.  Loeff,mr. J.A. Loeff
H. van Loghem,mr. H. van Loghem
P.L. de Lom de Berg,mr. P.L. de Lom de Berg
J.W. van Loon,jhr.mr. J.W. van Loon
J.S.  Lotsy,mr. J.S. Lotsy
C.  Lucasse,mr. C. Lucasse
A.F.X.  Luyben,mr. A.F.X. Luyben
W.H.  Lycklama à Nijeholt,jhr. W.H. Lycklama Ã Nijeholt
W. baron van Lynden,mr. W. baron van Lynden
C.T. graaf van Lynden van Sandenburg,mr. C.T. graaf van Lynden van Sandenburg
F.A.C. graaf van Lynden van Sandenburg,mr. F.A.C. graaf van Lynden van Sandenburg
C.M.E. van Löben Sels,C.M.E. van LÃ¶ben Sels
A.D.P.V. van Löben Sels,A.D.P.V. van LÃ¶ben Sels
Æ. baron van Mackay,mr. Ã. baron van Mackay
D.J. baron van Mackay,mr. D.J. baron van Mackay
T.P. baron van Mackay,mr. T.P. baron van Mackay
Æ. baron van Mackay 2,mr. Ã. baron van Mackay 2
P.T. van der Maesen de Sombreff,jhr.mr. P.T. van der Maesen de Sombreff
M.J. de Man,mr. M.J. de Man
H.P.  Marchant,mr. H.P. Marchant
J.B.C.E.M. graaf van Marchant d'Ansembourg,J.B.C.E.M. graaf van Marchant d'Ansembourg
E. du Marchie van Voorthuysen,mr. E. du Marchie van Voorthuysen
P.R.  Mees,P.R. Mees
R.P.  Mees R.Az.,dr. R.P. Mees R.Az.
G.A. de Meester,mr. G.A. de Meester
T.H. de Meester,mr. T.H. de Meester
J.R.  Meesters,J.R. Meesters
J.  Meesters 2,J. Meesters 2
K.A.  Meeussen,mr. K.A. Meeussen
G.W.  Melchers,G.W. Melchers
M.  Mendels,mr. M. Mendels
H.  Mensonides,H. Mensonides
J.M.M.H.  Merkelbach,J.M.M.H. Merkelbach
J.  Messchert van Vollenhoven,mr. J. Messchert van Vollenhoven
L.  Metman,mr. L. Metman
W. de Meyier,W. de Meyier
A.A.J.  Meylink,mr. A.A.J. Meylink
L.P.M.H. baron van Michiels van Verduynen,mr. L.P.M.H. baron van Michiels van Verduynen
G.A.A.  Middelberg,G.A.A. Middelberg
P.  Mijer,mr. P. Mijer
C.J.F.  Mirandolle,mr. C.J.F. Mirandolle
A.  Moens,A. Moens
J. van der Molen Tz.,J. van der Molen Tz.
E.P. de Monchy,E.P. de Monchy
F.H. de Monté ver Loren,F.H. de MontÃ© ver Loren
S.A. de Moraaz,S.A. de Moraaz
J.J. van Mulken,J.J. van Mulken
R.R.L. de Muralt,jhr. R.R.L. de Muralt
J.A.  Mutsaers,mr. J.A. Mutsaers
W.P.A.  Mutsaers,W.P.A. Mutsaers
J.S. van Naamen,mr. J.S. van Naamen
A. van Naamen van Eemnes,mr. A. van Naamen van Eemnes
J.T.H.  Nedermeyer ridder van Rosenthal,mr. J.T.H. Nedermeyer ridder van Rosenthal
A.S. van Nierop,mr. A.S. van Nierop
J.L.  Nierstrasz,J.L. Nierstrasz
B.  Nierstrasz,B. Nierstrasz
M.V.  Nijst,mr. M.V. Nijst
C.J.C.H. van Nispen tot Sevenaer,jhr.mr. C.J.C.H. van Nispen tot Sevenaer
R.A.J.B.M. van Nispen tot Sevenaer,jhr. R.A.J.B.M. van Nispen tot Sevenaer
O. van Nispen tot Sevenaer,jhr.mr. O. van Nispen tot Sevenaer
O.F.A.M. van Nispen tot Sevenaer,jhr.mr. O.F.A.M. van Nispen tot Sevenaer
J.W.J.C.M. van Nispen tot Sevenaer,jhr. J.W.J.C.M. van Nispen tot Sevenaer
J.A.C.A. van Nispen van Sevenaer,jhr. J.A.C.A. van Nispen van Sevenaer
W.H.  Nolens,dr. W.H. Nolens
P.  Nolting,P. Nolting
M.  Noordtzij,M. Noordtzij
J.P.T. van Nunen,J.P.T. van Nunen
R.K.  Okma,R.K. Okma
H.  Okma,mr. H. Okma
L.  Oldenhuis Gratama,mr. L. Oldenhuis Gratama
N.  Olivier,mr. N. Olivier
J.E.H.W. baron van Olne,J.E.H.W. baron van Olne
C.W.  Oomen,C.W. Oomen
N.  Oosterbaan,N. Oosterbaan
J.B.  Oosting,mr. J.B. Oosting
W.M.  Oppedijk,W.M. Oppedijk
J.B. van Osenbruggen,mr. J.B. van Osenbruggen
P.  Otto,P. Otto
P.J.  Oud,mr. P.J. Oud
C.A.E.A. van Panhuys,jhr. C.A.E.A. van Panhuys
W.C.J.  Passtoors,W.C.J. Passtoors
J.G.  Patijn,mr. J.G. Patijn
R.J.H.  Patijn,mr. R.J.H. Patijn
N.G.  Pierson,mr. N.G. Pierson
W.H.  Pijls,W.H. Pijls
J.M.  Pijnacker Hordijk,J.M. Pijnacker Hordijk
M.J.  Pijnappel,mr. M.J. Pijnappel
A.  Plate,A. Plate
J.D. van der Poel,mr. J.D. van der Poel
A.L.  Poelman,dr. A.L. Poelman
H.  Polak,H. Polak
H.  Pollema,H. Pollema
J.J.  Pompe van Meerdervoort,jhr.mr. J.J. Pompe van Meerdervoort
W.  Poolman,W. Poolman
J.H.H. de Poorter,dr. J.H.H. de Poorter
K.A.  Poortman,mr. K.A. Poortman
H.  Provo Kluit,mr. H. Provo Kluit
H.  Pyttersen,H. Pyttersen
J.H.J.  Quarles van Ufford,jhr.mr. J.H.J. Quarles van Ufford
G.A. de Raadt,mr. G.A. de Raadt
E.E. van Raalte,mr. E.E. van Raalte
L.D.J.L. de Ram,L.D.J.L. de Ram
L.N. graaf van Randwijck,mr. L.N. graaf van Randwijck
S.M.S. de Ranitz,jhr.mr. S.M.S. de Ranitz
M. de Ras,M. de Ras
J.F. baron van Reede van Oudtshoorn,mr. J.F. baron van Reede van Oudtshoorn
F.J.M.A.  Reekers,mr. F.J.M.A. Reekers
G.C.J. van Reenen,jhr.mr. G.C.J. van Reenen
O. van Rees,O. van Rees
G.  Reinders,G. Reinders
A.J.  Rethaan Macaré,jhr.mr. A.J. Rethaan MacarÃ©
A.E.  Reuther,A.E. Reuther
K.  Reyne,K. Reyne
N. de Ridder,mr. N. de Ridder
W.L.F.C.  ridder van Rappard,mr. W.L.F.C. ridder van Rappard
H.A.  ridder van Rappard,mr. H.A. ridder van Rappard
A. van Rijckevorsel Hz.,A. van Rijckevorsel Hz.
J.C.  Rijk,J.C. Rijk
P.  Rink,mr. P. Rink
J.J.  Rochussen,J.J. Rochussen
J.  Roëll,jhr.mr. J. RoÃ«ll
P.H.  Roessingh,dr. P.H. Roessingh
K.A.  Rombach,dr. K.A. Rombach
J.K.H. de Roo van Alderwerelt,J.K.H. de Roo van Alderwerelt
L.N.  Roodenburg,mr. L.N. Roodenburg
A.  Roodhuyzen,A. Roodhuyzen
W.  Rooseboom,W. Rooseboom
W.J.  Royaards van den Ham,mr. W.J. Royaards van den Ham
C.J.M.  Ruijs de Beerenbrouck,jhr.mr. C.J.M. Ruijs de Beerenbrouck
G.L.M.H.  Ruijs van Beerenbroek,jhr.mr. G.L.M.H. Ruijs van Beerenbroek
D. de Ruiter Zijlker,mr. D. de Ruiter Zijlker
L.F.H.C.  Ruland,L.F.H.C. Ruland
V.H.  Rutgers,mr. V.H. Rutgers
J.W.H.  Rutgers van Rozenburg,jhr.mr. J.W.H. Rutgers van Rozenburg
P.H.  Saaymans Vader,mr. P.H. Saaymans Vader
J.A.  Sandberg,jhr.mr. J.A. Sandberg
P.A.  Sander,mr. P.A. Sander
G.W.  Sannes,mr. G.W. Sannes
A.F.O. van Sasse van Ysselt,jhr.mr. A.F.O. van Sasse van Ysselt
A.F. de Savornin Lohman,jhr.mr. A.F. de Savornin Lohman
M.A. de Savornin Lohman,jhr.mr. M.A. de Savornin Lohman
E.  Schaafsma,mr. E. Schaafsma
H.J.A.M.  Schaepman,dr. H.J.A.M. Schaepman
A.M.  Schagen van Leeuwen,A.M. Schagen van Leeuwen
J.H.A.  Schaper,J.H.A. Schaper
E.T.  Scheltinga Winterberg,E.T. Scheltinga Winterberg
J.  Schepel,J. Schepel
J.L.Th.A.L. baron van Scherpenzeel Heusch,J.L.Th.A.L. baron van Scherpenzeel Heusch
J.G.  Scheurer,dr. J.G. Scheurer
M.M.  Schim van der Loeff,mr. M.M. Schim van der Loeff
G. graaf van Schimmelpenninck,G. graaf van Schimmelpenninck
R.J. graaf van Schimmelpenninck,mr. R.J. graaf van Schimmelpenninck
F.D. graaf van Schimmelpenninck,mr. F.D. graaf van Schimmelpenninck
G.J.A.  Schimmelpenninck,jhr. G.J.A. Schimmelpenninck
W.A. baron van Schimmelpenninck van der Oye,W.A. baron van Schimmelpenninck van der Oye
A. baron van Schimmelpenninck van der Oye,A. baron van Schimmelpenninck van der Oye
J.E.N. baron van Schimmelpenninck van der Oye,J.E.N. baron van Schimmelpenninck van der Oye
J.  Schokking,mr. J. Schokking
P.C.  Schooneveld,mr. P.C. Schooneveld
J.H.J.  Schreinemacher,dr. J.H.J. Schreinemacher
P.G.J. van der Schrieck,P.G.J. van der Schrieck
J.F.  Schuurbeque Boeye,jhr.mr. J.F. Schuurbeque Boeye
A.L.W.  Seijffardt,A.L.W. Seijffardt
H.  Seret,H. Seret
J.  Sibinga Mulder,J. Sibinga Mulder
C.J.  Sickesz,mr. C.J. Sickesz
G.  Simons,dr. G. Simons
C.  Sleeswijk Vening,mr. C. Sleeswijk Vening
P.W. van der Sleyden,P.W. van der Sleyden
J.J.  Slicher van Domburg,mr. J.J. Slicher van Domburg
B.W.A.E. baron van Sloet tot Oldhuis,mr. B.W.A.E. baron van Sloet tot Oldhuis
L.A.J.W. baron van Sloet van de Beele,mr. L.A.J.W. baron van Sloet van de Beele
N.  Sluis Pzn.,N. Sluis Pzn.
R.A.W.  Sluiter,R.A.W. Sluiter
J.P.  Smeele,mr. J.P. Smeele
H.  Smeenge,mr. H. Smeenge
H.J.  Smidt,mr. H.J. Smidt
E.A.  Smidt,mr. E.A. Smidt
H.J.  Smit,mr. H.J. Smit
A.  Smit,A. Smit
J.T.M.  Smits van Oyen,J.T.M. Smits van Oyen
P.J.A.  Smitz,mr. P.J.A. Smitz
J.R.  Snoeck Henkemans,J.R. Snoeck Henkemans
H.  Spiekman,H. Spiekman
J.H.W.Q. ter Spill,mr.dr. J.H.W.Q. ter Spill
A.P.  Staalman,A.P. Staalman
T.J.  Stieltjes,T.J. Stieltjes
J.  Stoffel,J. Stoffel
J. van Stolk Jzn.,J. van Stolk Jzn.
H.  Stolte,H. Stolte
L.D.  Storm,mr. L.D. Storm
C.M.  Storm van 's Gravesande,jhr. C.M. Storm van 's Gravesande
W.G.  Straetmans,mr. W.G. Straetmans
M.P.H.  Strens,mr. M.P.H. Strens
V.E.L. de Stuers,jhr.mr. V.E.L. de Stuers
F.W. van Styrum,jhr.mr. F.W. van Styrum
J. van Swieten,J. van Swieten
J.H.F.K. van Swinderen,jhr.mr. J.H.F.K. van Swinderen
C.A. van Sypesteyn,jhr. C.A. van Sypesteyn
P.H. baron van Taets van Amerongen,P.H. baron van Taets van Amerongen
P.L.  Tak,P.L. Tak
J.P.R.  Tak van Poortvliet,mr. J.P.R. Tak van Poortvliet
A.S.  Talma,A.S. Talma
J.J.  Teding van Berkhout,mr.dr. J.J. Teding van Berkhout
E.M.  Teenstra,E.M. Teenstra
J. van den Tempel,J. van den Tempel
C.J. den Tex,jhr.mr. C.J. den Tex
A.J.  Thomassen à Thuessink van der Hoop,mr. A.J. Thomassen Ã Thuessink van der Hoop
G.H.  Thomassen à Thuessink van der Hoop,G.H. Thomassen Ã Thuessink van der Hoop
L.W.J.K.  Thomson,L.W.J.K. Thomson
G. van Tienhoven,mr. G. van Tienhoven
B.L.  Tijdens,B.L. Tijdens
M.W. baron van Tour van Bellinchave,M.W. baron van Tour van Bellinchave
J.A.N.  Travaglino,mr. J.A.N. Travaglino
M.W.F.  Treub,mr. M.W.F. Treub
P.J.  Troelstra,mr. P.J. Troelstra
P.J.  Truijen,P.J. Truijen
P.M.  Tutein Nolthenius,mr.dr. P.M. Tutein Nolthenius
M.  Tydeman jr.,mr. M. Tydeman jr.
T.G.G.  Valette,T.G.G. Valette
J.D.  Veegens,mr. J.D. Veegens
P. van der Veen,mr. P. van der Veen
R. van Veen,mr. R. van Veen
P.B.J.  Vegilin van Claerbergen,jhr.mr. P.B.J. Vegilin van Claerbergen
H.A. van de Velde,mr. H.A. van de Velde
S. van Velzen jr.,S. van Velzen jr.
S.A.  Vening Meinesz,mr. S.A. Vening Meinesz
J.B.  Verhey,J.B. Verhey
J.B.A.J.M.  Verheyen,jhr.mr. J.B.A.J.M. Verheyen
P.J.F.  Vermeulen,dr. P.J.F. Vermeulen
H.C.  Verniers van der Loeff,mr. H.C. Verniers van der Loeff
S.A.  Verweij,mr. S.A. Verweij
G.W.  Verweij Mejan,mr. G.W. Verweij Mejan
L.L.G.M. de Villers de Pité,jhr. L.L.G.M. de Villers de PitÃ©
W.A.  Viruly Verbrugge,W.A. Viruly Verbrugge
J.T. de Visser,dr. J.T. de Visser
D.  Visser van Hazerswoude,mr. D. Visser van Hazerswoude
A.C.  Visser van Yzendoorn,mr. A.C. Visser van Yzendoorn
J.J.J. de Vlam,J.J.J. de Vlam
W.H.  Vliegen,W.H. Vliegen
P. van Vliet,P. van Vliet
B.R.F. van Vlijmen,B.R.F. van Vlijmen
W. van der Vlugt,mr. W. van der Vlugt
W. de Vlugt,W. de Vlugt
J. van Vollenhoven,J. van Vollenhoven
W.H. van Voorst,mr. W.H. van Voorst
C. van der Voort van Zijp,C. van der Voort van Zijp
G.A.  Vorsterman van Oyen,G.A. Vorsterman van Oyen
A.F.  Vos de Wael,mr. A.F. Vos de Wael
J.W.J. baron van Vos van Steenwijk,mr. J.W.J. baron van Vos van Steenwijk
G. de Vries,mr.dr. G. de Vries
L.W. de Vries,L.W. de Vries
S. de Vries Cz.,mr. S. de Vries Cz.
W.K.M.  Vrolik,W.K.M. Vrolik
A.C.A. van Vuuren,A.C.A. van Vuuren
J.H. de Waal Malefijt,J.H. de Waal Malefijt
S. van Walchren,mr. S. van Walchren
F.J.F.M.  Walter,mr. F.J.F.M. Walter
O. baron van Wassenaer van Catwijck,O. baron van Wassenaer van Catwijck
O.J.E. baron van Wassenaer van Catwijck,mr. O.J.E. baron van Wassenaer van Catwijck
W.J. baron van Welderen Rengers,mr. W.J. baron van Welderen Rengers
R. van der Werk,mr. R. van der Werk
R.  Westerhoff,dr. R. Westerhoff
F.H. van Wichen,F.H. van Wichen
B.  Wichers,mr. B. Wichers
H.O.  Wichers,jhr. H.O. Wichers
S.M. van Wijck,S.M. van Wijck
J.B.L.C.C. baron van Wijkerslooth de Weerdesteijn,mr. J.B.L.C.C. baron van Wijkerslooth de Weerdesteijn
W.  Wijnaendts,mr. W. Wijnaendts
A.I.M.J. baron van Wijnbergen,mr. A.I.M.J. baron van Wijnbergen
J.J.  Willinge,mr. J.J. Willinge
J.  Willink,J. Willink
A.  Winkler Prins,A. Winkler Prins
P.F.E. van Wintershoven,mr. P.F.E. van Wintershoven
W.  Wintgens,mr. W. Wintgens
H.A.  Wttewael van Stoetwegen,jhr.mr. H.A. Wttewael van Stoetwegen
S.  Wybenga,mr. S. Wybenga
J.J.A. van Wylick,J.J.A. van Wylick
A.  Ypey,mr. A. Ypey
J.  Zaaijer,dr. J. Zaaijer
A.B. de Zeeuw,A.B. de Zeeuw
G.  Zijlma,G. Zijlma
J.  Zijp,J. Zijp
F.J.E. van Zinnicq Bergman,mr. F.J.E. van Zinnicq Bergman
J.P.J.A. graaf van Zuylen van Nijevelt,mr. J.P.J.A. graaf van Zuylen van Nijevelt
G.L. van der Zwaag,G.L. van der Zwaag
